문서명,문서 종류,대상 기종,개정일,비고
일일점검_및_기록_SOP_v1.pdf,절차서,공통,2024-03,개정 전 판본 — 필터 실습용으로 함께 올린다
일일점검_및_기록_SOP_v2.pdf,절차서,공통,2025-11,현재 유효 판본
겨울철_장비운용_지침.pdf,절차서,공통,2024-11,
유압계통_이상음_점검_SOP.pdf,절차서,공통,2025-03,
하부주행체_육안검사_가이드.pdf,절차서,공통,2025-06,
Bobcat_E32_취급설명서_발췌.pdf,매뉴얼,밥캣 E32,2024-06,교육용 대체본
Caterpillar_304CR_Service_Excerpt_EN.pdf,매뉴얼,캐터필러 304 CR,2023-05,영문 · 교육용 대체본
Kubota_U27-4_Operator_Manual_EN.pdf,매뉴얼,구보타 U27-4,2024-08,영문 — 다국어 검색 실습용 · 교육용 대체본
Rippa_R10-5_정비지침_발췌.pdf,매뉴얼,리파 R10-5,2025-02,교육용 대체본
트러블슈팅_통합_120건.txt,사례기록,공통,2025-12,사례 120건 — 교재 저장소 원본
