timestamp,equipment,level,code,message
2026-07-01 00:17:39,SF-02,WARN,S-120,"장입 대차 위치 확인"
2026-07-01 03:01:53,GR-02,INFO,G-310,"숫돌 마모 한계 도달 — 공구 교체 요청"
2026-07-01 03:59:21,GR-01,INFO,G-310,"숫돌 마모 한계 도달 — 공구 교체 요청"
2026-07-01 08:36:31,MX-02,WARN,M-101,"원료 호퍼 레벨 낮음"
2026-07-01 10:29:01,GR-01,INFO,G-310,"숫돌 마모 한계 도달 — 공구 교체 요청"
2026-07-01 13:50:32,PK-02,WARN,K-501,"라벨 프린터 용지 부족"
2026-07-01 21:04:12,GR-01,INFO,G-310,"숫돌 마모 한계 도달 — 공구 교체 요청"
2026-07-02 02:48:36,SF-01,WARN,S-120,"장입 대차 위치 확인"
2026-07-02 08:36:31,SF-02,WARN,S-120,"장입 대차 위치 확인"
2026-07-02 08:50:11,SF-01,WARN,S-120,"장입 대차 위치 확인"
2026-07-02 10:32:42,IN-01,WARN,I-402,"측정기 교정 주기 도래"
2026-07-02 11:30:01,GR-01,INFO,G-310,"숫돌 마모 한계 도달 — 공구 교체 요청"
2026-07-02 15:07:53,GR-01,INFO,G-310,"숫돌 마모 한계 도달 — 공구 교체 요청"
2026-07-02 16:26:53,PK-02,WARN,K-501,"라벨 프린터 용지 부족"
2026-07-02 18:35:44,GR-02,INFO,G-310,"숫돌 마모 한계 도달 — 공구 교체 요청"
2026-07-02 18:42:09,GR-01,INFO,G-310,"숫돌 마모 한계 도달 — 공구 교체 요청"
2026-07-03 00:48:18,GR-02,INFO,G-310,"숫돌 마모 한계 도달 — 공구 교체 요청"
2026-07-03 01:35:15,PK-01,WARN,K-501,"라벨 프린터 용지 부족"
2026-07-03 04:34:53,IN-02,WARN,I-402,"측정기 교정 주기 도래"
2026-07-03 05:24:23,MX-01,WARN,M-101,"원료 호퍼 레벨 낮음"
2026-07-03 07:03:51,SF-01,WARN,S-120,"장입 대차 위치 확인"
2026-07-03 14:32:40,SF-01,WARN,S-120,"장입 대차 위치 확인"
2026-07-03 15:05:44,PR-01,WARN,P-204,"성형 압력 편차 경고"
2026-07-04 00:06:29,IN-01,WARN,I-402,"측정기 교정 주기 도래"
2026-07-04 02:09:14,GR-02,INFO,G-310,"숫돌 마모 한계 도달 — 공구 교체 요청"
2026-07-04 02:48:12,GR-01,INFO,G-310,"숫돌 마모 한계 도달 — 공구 교체 요청"
2026-07-04 05:33:45,MX-01,WARN,M-101,"원료 호퍼 레벨 낮음"
2026-07-04 07:24:14,MX-02,WARN,M-101,"원료 호퍼 레벨 낮음"
2026-07-04 11:58:49,SF-01,WARN,S-120,"장입 대차 위치 확인"
2026-07-04 19:26:47,GR-01,INFO,G-310,"숫돌 마모 한계 도달 — 공구 교체 요청"
2026-07-04 20:06:52,PK-01,WARN,K-501,"라벨 프린터 용지 부족"
2026-07-05 06:45:56,PK-01,WARN,K-501,"라벨 프린터 용지 부족"
2026-07-05 14:24:27,IN-01,WARN,I-402,"측정기 교정 주기 도래"
2026-07-05 14:43:21,PR-01,WARN,P-204,"성형 압력 편차 경고"
2026-07-06 05:33:37,GR-01,INFO,G-310,"숫돌 마모 한계 도달 — 공구 교체 요청"
2026-07-06 05:34:10,IN-02,WARN,I-402,"측정기 교정 주기 도래"
2026-07-06 06:42:30,SF-02,WARN,S-120,"장입 대차 위치 확인"
2026-07-06 08:47:17,MX-02,WARN,M-101,"원료 호퍼 레벨 낮음"
2026-07-06 08:53:32,PR-01,WARN,P-204,"성형 압력 편차 경고"
2026-07-06 10:49:26,IN-01,WARN,I-402,"측정기 교정 주기 도래"
2026-07-06 17:01:08,PR-02,WARN,P-204,"성형 압력 편차 경고"
2026-07-06 22:43:43,IN-01,WARN,I-402,"측정기 교정 주기 도래"
2026-07-06 23:01:12,MX-02,WARN,M-101,"원료 호퍼 레벨 낮음"
2026-07-07 00:23:59,GR-01,INFO,G-310,"숫돌 마모 한계 도달 — 공구 교체 요청"
2026-07-07 00:49:25,MX-01,WARN,M-101,"원료 호퍼 레벨 낮음"
2026-07-07 01:59:56,IN-01,WARN,I-402,"측정기 교정 주기 도래"
2026-07-07 02:51:58,MX-01,WARN,M-101,"원료 호퍼 레벨 낮음"
2026-07-07 04:38:53,GR-01,INFO,G-310,"숫돌 마모 한계 도달 — 공구 교체 요청"
2026-07-07 11:35:50,IN-02,WARN,I-402,"측정기 교정 주기 도래"
2026-07-07 11:53:02,IN-01,WARN,I-402,"측정기 교정 주기 도래"
2026-07-07 12:17:09,PK-01,WARN,K-501,"라벨 프린터 용지 부족"
2026-07-07 12:27:56,MX-02,WARN,M-101,"원료 호퍼 레벨 낮음"
2026-07-07 13:05:31,GR-02,INFO,G-310,"숫돌 마모 한계 도달 — 공구 교체 요청"
2026-07-07 16:13:15,IN-02,WARN,I-402,"측정기 교정 주기 도래"
2026-07-07 16:25:19,SF-02,WARN,S-120,"장입 대차 위치 확인"
2026-07-07 17:11:18,GR-01,INFO,G-310,"숫돌 마모 한계 도달 — 공구 교체 요청"
2026-07-07 17:47:55,MX-02,WARN,M-101,"원료 호퍼 레벨 낮음"
2026-07-07 21:13:08,GR-01,INFO,G-310,"숫돌 마모 한계 도달 — 공구 교체 요청"
2026-07-07 23:19:43,MX-01,WARN,M-101,"원료 호퍼 레벨 낮음"
2026-07-08 02:40:49,GR-01,INFO,G-310,"숫돌 마모 한계 도달 — 공구 교체 요청"
2026-07-08 07:31:12,MX-01,WARN,M-101,"원료 호퍼 레벨 낮음"
2026-07-08 09:36:14,GR-01,INFO,G-310,"숫돌 마모 한계 도달 — 공구 교체 요청"
2026-07-08 12:20:46,MX-02,WARN,M-101,"원료 호퍼 레벨 낮음"
2026-07-08 15:39:23,PR-01,WARN,P-204,"성형 압력 편차 경고"
2026-07-08 22:56:24,PK-01,WARN,K-501,"라벨 프린터 용지 부족"
2026-07-09 03:38:09,GR-02,INFO,G-310,"숫돌 마모 한계 도달 — 공구 교체 요청"
2026-07-09 05:15:52,SF-02,WARN,S-120,"장입 대차 위치 확인"
2026-07-09 05:17:05,GR-02,INFO,G-310,"숫돌 마모 한계 도달 — 공구 교체 요청"
2026-07-09 05:26:01,PR-02,WARN,P-204,"성형 압력 편차 경고"
2026-07-09 07:33:55,PR-01,WARN,P-204,"성형 압력 편차 경고"
2026-07-09 22:30:29,GR-02,INFO,G-310,"숫돌 마모 한계 도달 — 공구 교체 요청"
2026-07-09 23:16:31,SF-02,WARN,S-120,"장입 대차 위치 확인"
2026-07-10 00:14:49,GR-02,INFO,G-310,"숫돌 마모 한계 도달 — 공구 교체 요청"
2026-07-10 05:45:19,GR-01,INFO,G-310,"숫돌 마모 한계 도달 — 공구 교체 요청"
2026-07-10 06:29:17,GR-01,INFO,G-310,"숫돌 마모 한계 도달 — 공구 교체 요청"
2026-07-10 07:35:12,IN-01,WARN,I-402,"측정기 교정 주기 도래"
2026-07-10 08:49:04,PR-01,WARN,P-204,"성형 압력 편차 경고"
2026-07-10 13:25:23,GR-01,INFO,G-310,"숫돌 마모 한계 도달 — 공구 교체 요청"
2026-07-10 14:44:43,SF-02,WARN,S-120,"장입 대차 위치 확인"
2026-07-10 16:28:52,SF-02,WARN,S-120,"장입 대차 위치 확인"
2026-07-10 23:14:09,MX-02,WARN,M-101,"원료 호퍼 레벨 낮음"
2026-07-11 02:55:13,GR-01,INFO,G-310,"숫돌 마모 한계 도달 — 공구 교체 요청"
2026-07-11 10:04:28,PK-01,WARN,K-501,"라벨 프린터 용지 부족"
2026-07-11 10:11:58,GR-02,INFO,G-310,"숫돌 마모 한계 도달 — 공구 교체 요청"
2026-07-11 10:38:00,GR-02,INFO,G-310,"숫돌 마모 한계 도달 — 공구 교체 요청"
2026-07-11 14:58:11,MX-01,WARN,M-101,"원료 호퍼 레벨 낮음"
2026-07-11 19:08:38,MX-01,WARN,M-101,"원료 호퍼 레벨 낮음"
2026-07-11 19:20:17,IN-01,WARN,I-402,"측정기 교정 주기 도래"
2026-07-12 00:16:42,SF-01,WARN,S-120,"장입 대차 위치 확인"
2026-07-12 03:01:42,SF-01,WARN,S-120,"장입 대차 위치 확인"
2026-07-12 04:04:32,GR-02,INFO,G-310,"숫돌 마모 한계 도달 — 공구 교체 요청"
2026-07-12 06:35:13,IN-02,WARN,I-402,"측정기 교정 주기 도래"
2026-07-12 11:20:19,PK-01,WARN,K-501,"라벨 프린터 용지 부족"
2026-07-12 12:10:05,PK-01,WARN,K-501,"라벨 프린터 용지 부족"
2026-07-12 19:59:06,MX-01,WARN,M-101,"원료 호퍼 레벨 낮음"
2026-07-12 21:25:48,GR-02,INFO,G-310,"숫돌 마모 한계 도달 — 공구 교체 요청"
2026-07-12 22:16:37,IN-01,WARN,I-402,"측정기 교정 주기 도래"
2026-07-12 23:12:47,GR-02,INFO,G-310,"숫돌 마모 한계 도달 — 공구 교체 요청"
2026-07-13 05:04:56,SF-02,WARN,S-301,"TC-3 온도 편차 경고 (±10°C)"
2026-07-13 10:35:50,PR-01,WARN,P-204,"성형 압력 편차 경고"
2026-07-13 15:32:16,PR-02,WARN,P-204,"성형 압력 편차 경고"
2026-07-14 00:26:44,PK-02,WARN,K-501,"라벨 프린터 용지 부족"
2026-07-14 02:37:09,GR-02,INFO,G-310,"숫돌 마모 한계 도달 — 공구 교체 요청"
2026-07-14 03:02:03,MX-01,WARN,M-101,"원료 호퍼 레벨 낮음"
2026-07-14 15:00:18,SF-02,WARN,S-301,"TC-3 온도 편차 경고 (±9°C)"
2026-07-14 21:59:42,MX-02,WARN,M-101,"원료 호퍼 레벨 낮음"
2026-07-15 01:05:08,MX-01,WARN,M-101,"원료 호퍼 레벨 낮음"
2026-07-15 06:22:18,GR-02,INFO,G-310,"숫돌 마모 한계 도달 — 공구 교체 요청"
2026-07-15 09:50:53,SF-01,WARN,S-120,"장입 대차 위치 확인"
2026-07-15 10:11:31,PR-01,WARN,P-204,"성형 압력 편차 경고"
2026-07-15 13:28:14,PR-02,WARN,P-204,"성형 압력 편차 경고"
2026-07-15 16:04:58,GR-02,INFO,G-310,"숫돌 마모 한계 도달 — 공구 교체 요청"
2026-07-15 17:18:19,IN-02,WARN,I-402,"측정기 교정 주기 도래"
2026-07-15 23:21:06,PR-02,WARN,P-204,"성형 압력 편차 경고"
2026-07-16 00:34:16,MX-02,WARN,M-101,"원료 호퍼 레벨 낮음"
2026-07-16 07:17:48,MX-02,WARN,M-101,"원료 호퍼 레벨 낮음"
2026-07-16 15:59:32,PR-01,WARN,P-204,"성형 압력 편차 경고"
2026-07-16 22:29:24,GR-01,INFO,G-310,"숫돌 마모 한계 도달 — 공구 교체 요청"
2026-07-17 01:13:21,GR-02,INFO,G-310,"숫돌 마모 한계 도달 — 공구 교체 요청"
2026-07-17 03:49:40,SF-02,WARN,S-301,"TC-3 온도 편차 경고 (±9°C)"
2026-07-17 07:42:29,GR-02,INFO,G-310,"숫돌 마모 한계 도달 — 공구 교체 요청"
2026-07-17 13:24:29,GR-01,INFO,G-310,"숫돌 마모 한계 도달 — 공구 교체 요청"
2026-07-17 16:33:56,IN-01,WARN,I-402,"측정기 교정 주기 도래"
2026-07-17 17:51:19,PK-02,WARN,K-501,"라벨 프린터 용지 부족"
2026-07-17 20:46:48,SF-01,WARN,S-120,"장입 대차 위치 확인"
2026-07-18 00:01:24,IN-01,WARN,I-402,"측정기 교정 주기 도래"
2026-07-18 02:38:48,IN-01,WARN,I-402,"측정기 교정 주기 도래"
2026-07-18 03:04:18,PK-01,WARN,K-501,"라벨 프린터 용지 부족"
2026-07-18 04:59:54,MX-02,WARN,M-101,"원료 호퍼 레벨 낮음"
2026-07-18 08:07:20,SF-02,WARN,S-301,"TC-3 온도 편차 경고 (±10°C)"
2026-07-18 15:02:05,SF-02,WARN,S-120,"장입 대차 위치 확인"
2026-07-18 15:16:03,GR-01,INFO,G-310,"숫돌 마모 한계 도달 — 공구 교체 요청"
2026-07-18 15:27:30,PR-01,WARN,P-204,"성형 압력 편차 경고"
2026-07-18 17:42:59,GR-01,INFO,G-310,"숫돌 마모 한계 도달 — 공구 교체 요청"
2026-07-18 17:47:54,PR-02,WARN,P-204,"성형 압력 편차 경고"
2026-07-18 20:17:22,PR-01,WARN,P-204,"성형 압력 편차 경고"
2026-07-18 21:31:12,GR-02,INFO,G-310,"숫돌 마모 한계 도달 — 공구 교체 요청"
2026-07-18 22:04:49,PK-01,WARN,K-501,"라벨 프린터 용지 부족"
2026-07-18 22:20:54,GR-01,INFO,G-310,"숫돌 마모 한계 도달 — 공구 교체 요청"
2026-07-19 07:51:28,GR-02,INFO,G-310,"숫돌 마모 한계 도달 — 공구 교체 요청"
2026-07-19 10:06:05,GR-01,INFO,G-310,"숫돌 마모 한계 도달 — 공구 교체 요청"
2026-07-19 12:24:51,PK-02,WARN,K-501,"라벨 프린터 용지 부족"
2026-07-19 12:55:27,MX-01,WARN,M-101,"원료 호퍼 레벨 낮음"
2026-07-19 18:39:04,MX-01,WARN,M-101,"원료 호퍼 레벨 낮음"
2026-07-19 20:25:13,SF-02,WARN,S-301,"TC-3 온도 편차 경고 (±9°C)"
2026-07-19 22:58:19,IN-02,WARN,I-402,"측정기 교정 주기 도래"
2026-07-20 00:31:35,IN-02,WARN,I-402,"측정기 교정 주기 도래"
2026-07-20 05:02:50,GR-02,INFO,G-310,"숫돌 마모 한계 도달 — 공구 교체 요청"
2026-07-20 08:42:16,MX-01,WARN,M-101,"원료 호퍼 레벨 낮음"
2026-07-20 09:15:17,PK-01,WARN,K-501,"라벨 프린터 용지 부족"
2026-07-20 09:35:33,GR-01,INFO,G-310,"숫돌 마모 한계 도달 — 공구 교체 요청"
2026-07-20 12:14:09,MX-02,WARN,M-101,"원료 호퍼 레벨 낮음"
2026-07-20 13:25:05,PR-01,WARN,P-204,"성형 압력 편차 경고"
2026-07-20 15:36:36,GR-01,INFO,G-310,"숫돌 마모 한계 도달 — 공구 교체 요청"
2026-07-20 19:08:30,MX-02,WARN,M-101,"원료 호퍼 레벨 낮음"
2026-07-21 03:29:16,SF-01,WARN,S-120,"장입 대차 위치 확인"
2026-07-21 07:37:02,SF-02,WARN,S-120,"장입 대차 위치 확인"
2026-07-21 09:47:13,GR-02,INFO,G-310,"숫돌 마모 한계 도달 — 공구 교체 요청"
2026-07-21 10:55:28,PR-02,WARN,P-204,"성형 압력 편차 경고"
2026-07-21 11:07:03,GR-01,INFO,G-310,"숫돌 마모 한계 도달 — 공구 교체 요청"
2026-07-21 13:21:43,PR-01,WARN,P-204,"성형 압력 편차 경고"
2026-07-21 13:48:40,MX-02,WARN,M-101,"원료 호퍼 레벨 낮음"
2026-07-21 14:53:41,IN-01,WARN,I-402,"측정기 교정 주기 도래"
2026-07-21 17:26:54,PR-02,WARN,P-204,"성형 압력 편차 경고"
2026-07-21 18:00:53,PR-02,WARN,P-204,"성형 압력 편차 경고"
2026-07-21 18:25:56,MX-01,WARN,M-101,"원료 호퍼 레벨 낮음"
2026-07-21 21:26:20,GR-01,INFO,G-310,"숫돌 마모 한계 도달 — 공구 교체 요청"
2026-07-21 23:37:09,GR-02,INFO,G-310,"숫돌 마모 한계 도달 — 공구 교체 요청"
2026-07-22 02:11:45,MX-02,WARN,M-101,"원료 호퍼 레벨 낮음"
2026-07-22 05:09:51,GR-02,INFO,G-310,"숫돌 마모 한계 도달 — 공구 교체 요청"
2026-07-22 05:45:35,PR-01,WARN,P-204,"성형 압력 편차 경고"
2026-07-22 07:13:38,MX-01,WARN,M-101,"원료 호퍼 레벨 낮음"
2026-07-22 08:17:16,PK-02,WARN,K-501,"라벨 프린터 용지 부족"
2026-07-22 11:17:05,PR-02,WARN,P-204,"성형 압력 편차 경고"
2026-07-22 12:03:34,PK-01,WARN,K-501,"라벨 프린터 용지 부족"
2026-07-22 14:09:26,PK-01,WARN,K-501,"라벨 프린터 용지 부족"
2026-07-22 23:19:59,GR-01,INFO,G-310,"숫돌 마모 한계 도달 — 공구 교체 요청"
2026-07-23 06:05:33,IN-01,WARN,I-402,"측정기 교정 주기 도래"
2026-07-23 10:25:26,SF-01,WARN,S-120,"장입 대차 위치 확인"
2026-07-23 14:10:36,IN-02,WARN,I-402,"측정기 교정 주기 도래"
2026-07-23 16:11:48,PK-01,WARN,K-501,"라벨 프린터 용지 부족"
2026-07-23 18:30:04,MX-02,WARN,M-101,"원료 호퍼 레벨 낮음"
2026-07-23 20:23:30,SF-02,WARN,S-120,"장입 대차 위치 확인"
2026-07-23 22:30:47,IN-01,WARN,I-402,"측정기 교정 주기 도래"
2026-07-24 02:43:20,IN-02,WARN,I-402,"측정기 교정 주기 도래"
2026-07-24 03:21:05,MX-01,WARN,M-101,"원료 호퍼 레벨 낮음"
2026-07-24 05:55:17,IN-01,WARN,I-402,"측정기 교정 주기 도래"
2026-07-24 07:36:04,IN-01,WARN,I-402,"측정기 교정 주기 도래"
2026-07-24 08:43:52,MX-01,WARN,M-101,"원료 호퍼 레벨 낮음"
2026-07-24 09:49:20,GR-01,INFO,G-310,"숫돌 마모 한계 도달 — 공구 교체 요청"
2026-07-24 13:35:19,PK-02,WARN,K-501,"라벨 프린터 용지 부족"
2026-07-24 15:32:04,PK-01,WARN,K-501,"라벨 프린터 용지 부족"
2026-07-24 15:37:56,SF-01,WARN,S-120,"장입 대차 위치 확인"
2026-07-24 17:23:33,SF-01,WARN,S-120,"장입 대차 위치 확인"
2026-07-24 19:30:09,PK-01,WARN,K-501,"라벨 프린터 용지 부족"
2026-07-24 22:00:47,PR-02,WARN,P-204,"성형 압력 편차 경고"
2026-07-24 23:08:43,PR-02,WARN,P-204,"성형 압력 편차 경고"
2026-07-25 02:31:23,GR-01,INFO,G-310,"숫돌 마모 한계 도달 — 공구 교체 요청"
2026-07-25 04:20:04,GR-02,INFO,G-310,"숫돌 마모 한계 도달 — 공구 교체 요청"
2026-07-25 12:47:34,MX-01,WARN,M-101,"원료 호퍼 레벨 낮음"
2026-07-25 13:07:01,IN-02,WARN,I-402,"측정기 교정 주기 도래"
2026-07-25 14:16:13,SF-01,WARN,S-120,"장입 대차 위치 확인"
2026-07-25 14:46:43,SF-01,WARN,S-120,"장입 대차 위치 확인"
2026-07-25 15:58:51,SF-02,WARN,S-120,"장입 대차 위치 확인"
2026-07-25 16:26:30,GR-01,INFO,G-310,"숫돌 마모 한계 도달 — 공구 교체 요청"
2026-07-25 20:21:05,GR-01,INFO,G-310,"숫돌 마모 한계 도달 — 공구 교체 요청"
2026-07-25 22:07:08,GR-02,INFO,G-310,"숫돌 마모 한계 도달 — 공구 교체 요청"
2026-07-25 22:17:07,SF-01,WARN,S-120,"장입 대차 위치 확인"
2026-07-25 22:25:10,PK-01,WARN,K-501,"라벨 프린터 용지 부족"
2026-07-26 03:01:14,SF-01,WARN,S-120,"장입 대차 위치 확인"
2026-07-26 06:57:31,GR-01,INFO,G-310,"숫돌 마모 한계 도달 — 공구 교체 요청"
2026-07-26 10:01:36,PR-02,WARN,P-204,"성형 압력 편차 경고"
2026-07-26 10:35:27,GR-01,INFO,G-310,"숫돌 마모 한계 도달 — 공구 교체 요청"
2026-07-26 16:10:35,IN-01,WARN,I-402,"측정기 교정 주기 도래"
2026-07-26 17:09:58,GR-02,INFO,G-310,"숫돌 마모 한계 도달 — 공구 교체 요청"
2026-07-26 18:19:40,GR-02,INFO,G-310,"숫돌 마모 한계 도달 — 공구 교체 요청"
2026-07-26 20:59:20,IN-01,WARN,I-402,"측정기 교정 주기 도래"
2026-07-26 23:01:23,GR-02,INFO,G-310,"숫돌 마모 한계 도달 — 공구 교체 요청"
2026-07-27 00:14:35,IN-01,WARN,I-402,"측정기 교정 주기 도래"
2026-07-27 02:30:09,SF-02,WARN,S-120,"장입 대차 위치 확인"
2026-07-27 02:49:07,GR-02,INFO,G-310,"숫돌 마모 한계 도달 — 공구 교체 요청"
2026-07-27 04:27:29,PK-02,WARN,K-501,"라벨 프린터 용지 부족"
2026-07-27 05:53:41,SF-02,WARN,S-120,"장입 대차 위치 확인"
2026-07-27 08:46:06,PK-01,WARN,K-501,"라벨 프린터 용지 부족"
2026-07-27 09:56:11,GR-02,INFO,G-310,"숫돌 마모 한계 도달 — 공구 교체 요청"
2026-07-27 12:23:04,PR-02,WARN,P-204,"성형 압력 편차 경고"
2026-07-27 16:21:21,GR-02,INFO,G-310,"숫돌 마모 한계 도달 — 공구 교체 요청"
2026-07-27 17:25:03,IN-02,WARN,I-402,"측정기 교정 주기 도래"
2026-07-27 19:30:58,PK-01,WARN,K-501,"라벨 프린터 용지 부족"
2026-07-27 20:34:05,IN-01,WARN,I-402,"측정기 교정 주기 도래"
2026-07-28 02:37:45,MX-01,WARN,M-101,"원료 호퍼 레벨 낮음"
2026-07-28 06:19:00,PK-01,WARN,K-501,"라벨 프린터 용지 부족"
2026-07-28 08:21:02,PK-01,WARN,K-501,"라벨 프린터 용지 부족"
2026-07-28 09:42:54,SF-01,WARN,S-301,"TC-3 온도 편차 경고 (±10°C)"
2026-07-28 11:34:53,MX-01,WARN,M-101,"원료 호퍼 레벨 낮음"
2026-07-28 12:51:41,PR-01,WARN,P-204,"성형 압력 편차 경고"
2026-07-28 15:35:50,SF-02,WARN,S-120,"장입 대차 위치 확인"
2026-07-28 16:14:36,SF-02,WARN,S-301,"TC-3 온도 편차 경고 (±10°C)"
2026-07-29 00:14:36,MX-02,WARN,M-101,"원료 호퍼 레벨 낮음"
2026-07-29 04:27:50,SF-02,WARN,S-120,"장입 대차 위치 확인"
2026-07-29 06:11:31,GR-01,INFO,G-310,"숫돌 마모 한계 도달 — 공구 교체 요청"
2026-07-29 07:45:21,GR-02,INFO,G-310,"숫돌 마모 한계 도달 — 공구 교체 요청"
2026-07-29 09:34:46,IN-02,WARN,I-402,"측정기 교정 주기 도래"
2026-07-29 11:05:31,MX-02,WARN,M-101,"원료 호퍼 레벨 낮음"
2026-07-29 14:15:53,SF-01,WARN,S-120,"장입 대차 위치 확인"
2026-07-29 19:12:54,GR-02,INFO,G-310,"숫돌 마모 한계 도달 — 공구 교체 요청"
2026-07-29 19:43:34,GR-01,INFO,G-310,"숫돌 마모 한계 도달 — 공구 교체 요청"
2026-07-29 20:13:56,IN-01,WARN,I-402,"측정기 교정 주기 도래"
2026-07-29 22:47:14,SF-02,WARN,S-120,"장입 대차 위치 확인"
2026-07-30 03:57:41,IN-02,WARN,I-402,"측정기 교정 주기 도래"
2026-07-30 11:43:43,PR-02,WARN,P-204,"성형 압력 편차 경고"
2026-07-30 13:08:57,PK-01,WARN,K-501,"라벨 프린터 용지 부족"
2026-07-30 22:20:15,SF-01,WARN,S-120,"장입 대차 위치 확인"
2026-07-31 02:03:20,GR-01,INFO,G-310,"숫돌 마모 한계 도달 — 공구 교체 요청"
2026-07-31 02:12:40,GR-02,INFO,G-310,"숫돌 마모 한계 도달 — 공구 교체 요청"
2026-07-31 02:42:13,SF-02,WARN,S-120,"장입 대차 위치 확인"
2026-07-31 07:26:01,IN-01,WARN,I-402,"측정기 교정 주기 도래"
2026-07-31 07:41:05,GR-02,INFO,G-310,"숫돌 마모 한계 도달 — 공구 교체 요청"
2026-07-31 09:35:32,GR-01,INFO,G-310,"숫돌 마모 한계 도달 — 공구 교체 요청"
2026-07-31 09:49:19,GR-01,INFO,G-310,"숫돌 마모 한계 도달 — 공구 교체 요청"
2026-07-31 10:57:24,IN-02,WARN,I-402,"측정기 교정 주기 도래"
2026-07-31 14:01:47,PR-01,WARN,P-204,"성형 압력 편차 경고"
2026-07-31 15:45:59,GR-02,INFO,G-310,"숫돌 마모 한계 도달 — 공구 교체 요청"
2026-07-31 18:25:49,MX-01,WARN,M-101,"원료 호퍼 레벨 낮음"
2026-07-31 21:19:13,PK-02,WARN,K-501,"라벨 프린터 용지 부족"
2026-08-01 03:38:53,MX-02,WARN,M-101,"원료 호퍼 레벨 낮음"
2026-08-01 04:00:53,GR-01,INFO,G-310,"숫돌 마모 한계 도달 — 공구 교체 요청"
2026-08-01 04:01:59,SF-01,WARN,S-301,"TC-3 온도 편차 경고 (±9°C)"
2026-08-01 06:44:56,GR-01,INFO,G-310,"숫돌 마모 한계 도달 — 공구 교체 요청"
2026-08-01 11:35:14,SF-02,WARN,S-120,"장입 대차 위치 확인"
2026-08-01 13:58:17,PR-01,WARN,P-204,"성형 압력 편차 경고"
2026-08-01 22:17:23,GR-01,INFO,G-310,"숫돌 마모 한계 도달 — 공구 교체 요청"
2026-08-01 23:30:13,IN-02,WARN,I-402,"측정기 교정 주기 도래"
2026-08-02 06:32:16,IN-01,WARN,I-402,"측정기 교정 주기 도래"
2026-08-02 09:18:23,IN-02,WARN,I-402,"측정기 교정 주기 도래"
2026-08-02 10:35:06,MX-01,WARN,M-101,"원료 호퍼 레벨 낮음"
2026-08-02 11:18:46,MX-01,WARN,M-101,"원료 호퍼 레벨 낮음"
2026-08-02 17:07:12,PR-02,WARN,P-204,"성형 압력 편차 경고"
2026-08-02 17:39:01,MX-02,WARN,M-101,"원료 호퍼 레벨 낮음"
2026-08-02 22:36:54,IN-02,WARN,I-402,"측정기 교정 주기 도래"
2026-08-03 02:10:28,GR-02,INFO,G-310,"숫돌 마모 한계 도달 — 공구 교체 요청"
2026-08-03 06:04:25,SF-02,WARN,S-120,"장입 대차 위치 확인"
2026-08-03 06:39:06,GR-01,INFO,G-310,"숫돌 마모 한계 도달 — 공구 교체 요청"
2026-08-03 07:06:11,SF-02,WARN,S-120,"장입 대차 위치 확인"
2026-08-03 08:10:39,SF-01,WARN,S-120,"장입 대차 위치 확인"
2026-08-03 09:04:06,SF-01,WARN,S-120,"장입 대차 위치 확인"
2026-08-03 12:30:55,GR-01,INFO,G-310,"숫돌 마모 한계 도달 — 공구 교체 요청"
2026-08-03 14:37:51,PK-02,WARN,K-501,"라벨 프린터 용지 부족"
2026-08-03 16:58:18,SF-02,WARN,S-120,"장입 대차 위치 확인"
2026-08-03 22:32:14,IN-02,WARN,I-402,"측정기 교정 주기 도래"
2026-08-04 00:53:02,PR-01,WARN,P-204,"성형 압력 편차 경고"
2026-08-04 01:41:49,MX-01,WARN,M-101,"원료 호퍼 레벨 낮음"
2026-08-04 02:15:12,GR-02,INFO,G-310,"숫돌 마모 한계 도달 — 공구 교체 요청"
2026-08-04 03:24:29,GR-01,INFO,G-310,"숫돌 마모 한계 도달 — 공구 교체 요청"
2026-08-04 05:22:26,PK-02,WARN,K-501,"라벨 프린터 용지 부족"
2026-08-04 08:23:54,GR-02,INFO,G-310,"숫돌 마모 한계 도달 — 공구 교체 요청"
2026-08-04 16:46:46,SF-02,WARN,S-120,"장입 대차 위치 확인"
2026-08-04 17:57:12,GR-01,INFO,G-310,"숫돌 마모 한계 도달 — 공구 교체 요청"
2026-08-04 19:40:36,GR-02,INFO,G-310,"숫돌 마모 한계 도달 — 공구 교체 요청"
2026-08-04 20:26:43,PK-01,WARN,K-501,"라벨 프린터 용지 부족"
2026-08-05 04:04:30,GR-02,INFO,G-310,"숫돌 마모 한계 도달 — 공구 교체 요청"
2026-08-05 07:26:03,MX-01,WARN,M-101,"원료 호퍼 레벨 낮음"
2026-08-05 08:35:47,GR-02,INFO,G-310,"숫돌 마모 한계 도달 — 공구 교체 요청"
2026-08-05 10:55:08,PR-02,WARN,P-204,"성형 압력 편차 경고"
2026-08-05 10:57:38,PR-01,WARN,P-204,"성형 압력 편차 경고"
2026-08-05 12:21:02,PR-02,WARN,P-204,"성형 압력 편차 경고"
2026-08-05 12:37:07,SF-02,WARN,S-120,"장입 대차 위치 확인"
2026-08-06 06:01:00,IN-02,WARN,I-402,"측정기 교정 주기 도래"
2026-08-06 13:38:46,IN-02,WARN,I-402,"측정기 교정 주기 도래"
2026-08-06 13:46:45,IN-01,WARN,I-402,"측정기 교정 주기 도래"
2026-08-06 15:20:52,IN-02,WARN,I-402,"측정기 교정 주기 도래"
2026-08-06 22:56:36,GR-02,INFO,G-310,"숫돌 마모 한계 도달 — 공구 교체 요청"
2026-08-07 00:36:41,GR-02,INFO,G-310,"숫돌 마모 한계 도달 — 공구 교체 요청"
2026-08-07 05:16:41,IN-02,WARN,I-402,"측정기 교정 주기 도래"
2026-08-07 06:49:55,PR-02,WARN,P-204,"성형 압력 편차 경고"
2026-08-07 11:25:11,PK-02,WARN,K-501,"라벨 프린터 용지 부족"
2026-08-07 14:55:26,GR-02,INFO,G-310,"숫돌 마모 한계 도달 — 공구 교체 요청"
2026-08-07 19:29:21,SF-01,WARN,S-120,"장입 대차 위치 확인"
2026-08-07 21:11:23,GR-01,INFO,G-310,"숫돌 마모 한계 도달 — 공구 교체 요청"
2026-08-07 21:52:49,PK-01,WARN,K-501,"라벨 프린터 용지 부족"
2026-08-07 21:56:18,SF-01,WARN,S-120,"장입 대차 위치 확인"
2026-08-08 00:57:53,MX-02,WARN,M-101,"원료 호퍼 레벨 낮음"
2026-08-08 01:31:32,IN-01,WARN,I-402,"측정기 교정 주기 도래"
2026-08-08 02:27:54,PR-01,WARN,P-204,"성형 압력 편차 경고"
2026-08-08 06:49:05,PK-02,WARN,K-501,"라벨 프린터 용지 부족"
2026-08-08 07:09:02,PR-01,WARN,P-204,"성형 압력 편차 경고"
2026-08-08 12:47:39,MX-02,WARN,M-101,"원료 호퍼 레벨 낮음"
2026-08-08 14:17:54,GR-01,INFO,G-310,"숫돌 마모 한계 도달 — 공구 교체 요청"
2026-08-08 15:06:04,PR-01,WARN,P-204,"성형 압력 편차 경고"
2026-08-08 15:33:40,SF-01,WARN,S-301,"TC-3 온도 편차 경고 (±9°C)"
2026-08-08 16:58:24,GR-02,INFO,G-310,"숫돌 마모 한계 도달 — 공구 교체 요청"
2026-08-08 19:07:35,MX-01,WARN,M-101,"원료 호퍼 레벨 낮음"
2026-08-08 20:03:47,GR-02,INFO,G-310,"숫돌 마모 한계 도달 — 공구 교체 요청"
2026-08-09 03:07:40,GR-01,INFO,G-310,"숫돌 마모 한계 도달 — 공구 교체 요청"
2026-08-09 10:06:47,GR-01,INFO,G-310,"숫돌 마모 한계 도달 — 공구 교체 요청"
2026-08-09 14:36:09,SF-01,WARN,S-120,"장입 대차 위치 확인"
2026-08-09 17:42:46,GR-02,INFO,G-310,"숫돌 마모 한계 도달 — 공구 교체 요청"
2026-08-09 23:03:12,IN-02,WARN,I-402,"측정기 교정 주기 도래"
2026-08-09 23:58:50,PK-01,WARN,K-501,"라벨 프린터 용지 부족"
2026-08-10 05:54:09,PR-02,WARN,P-204,"성형 압력 편차 경고"
2026-08-10 07:41:42,SF-01,WARN,S-301,"TC-3 온도 편차 경고 (±8°C)"
2026-08-10 09:12:05,SF-02,INFO,S-900,"정기보전(PM) 시작 — 히터 점검, 열전대 TC-3 교체"
2026-08-10 11:11:16,GR-01,INFO,G-310,"숫돌 마모 한계 도달 — 공구 교체 요청"
2026-08-10 14:41:34,PK-02,WARN,K-501,"라벨 프린터 용지 부족"
2026-08-10 15:40:31,SF-02,INFO,S-901,"정기보전(PM) 완료 — 재가동 (교정 기록 미입력)"
2026-08-10 16:10:23,SF-02,WARN,S-301,"TC-3 온도 편차 경고 (±10°C)"
2026-08-10 16:19:45,SF-02,ALARM,S-305,"소결 프로파일 이탈 — 유지구간 온도 편차 16°C"
2026-08-10 17:19:51,GR-01,INFO,G-310,"숫돌 마모 한계 도달 — 공구 교체 요청"
2026-08-10 18:00:41,PR-02,WARN,P-204,"성형 압력 편차 경고"
2026-08-10 18:06:40,PK-02,WARN,K-501,"라벨 프린터 용지 부족"
2026-08-10 20:34:34,SF-02,ALARM,S-305,"소결 프로파일 이탈 — 유지구간 온도 편차 15°C"
2026-08-10 21:48:53,IN-01,WARN,I-402,"측정기 교정 주기 도래"
2026-08-11 07:21:47,SF-02,WARN,S-302,"Zone2 히터 출력 보정 동작"
2026-08-11 08:30:48,PR-01,WARN,P-204,"성형 압력 편차 경고"
2026-08-11 10:49:21,PR-02,WARN,P-204,"성형 압력 편차 경고"
2026-08-11 12:36:16,IN-02,WARN,I-402,"측정기 교정 주기 도래"
2026-08-11 13:25:56,SF-01,WARN,S-301,"TC-3 온도 편차 경고 (±8°C)"
2026-08-11 14:24:57,GR-01,INFO,G-310,"숫돌 마모 한계 도달 — 공구 교체 요청"
2026-08-11 14:33:35,SF-02,WARN,S-301,"TC-3 온도 편차 경고 (±13°C)"
2026-08-11 15:34:57,SF-02,WARN,S-120,"장입 대차 위치 확인"
2026-08-11 16:17:04,PR-02,WARN,P-204,"성형 압력 편차 경고"
2026-08-11 17:43:28,PK-02,WARN,K-501,"라벨 프린터 용지 부족"
2026-08-11 18:45:31,SF-02,WARN,S-302,"Zone2 히터 출력 보정 동작"
2026-08-11 20:12:04,SF-02,WARN,S-301,"TC-3 온도 편차 경고 (±11°C)"
2026-08-11 21:34:20,SF-01,WARN,S-120,"장입 대차 위치 확인"
2026-08-12 02:17:42,SF-02,ALARM,S-305,"소결 프로파일 이탈 — 유지구간 온도 편차 18°C"
2026-08-12 04:28:48,GR-02,INFO,G-310,"숫돌 마모 한계 도달 — 공구 교체 요청"
2026-08-12 06:18:19,SF-01,WARN,S-301,"TC-3 온도 편차 경고 (±8°C)"
2026-08-12 06:23:29,GR-01,INFO,G-310,"숫돌 마모 한계 도달 — 공구 교체 요청"
2026-08-12 07:20:01,GR-02,INFO,G-310,"숫돌 마모 한계 도달 — 공구 교체 요청"
2026-08-12 08:17:01,IN-01,WARN,I-402,"측정기 교정 주기 도래"
2026-08-12 10:41:47,IN-02,WARN,I-402,"측정기 교정 주기 도래"
2026-08-12 13:37:23,GR-02,INFO,G-310,"숫돌 마모 한계 도달 — 공구 교체 요청"
2026-08-12 17:35:00,SF-01,WARN,S-120,"장입 대차 위치 확인"
2026-08-12 18:13:36,PR-01,WARN,P-204,"성형 압력 편차 경고"
2026-08-12 21:24:48,MX-02,WARN,M-101,"원료 호퍼 레벨 낮음"
2026-08-13 01:17:10,GR-02,INFO,G-310,"숫돌 마모 한계 도달 — 공구 교체 요청"
2026-08-13 04:37:24,SF-02,WARN,S-302,"Zone2 히터 출력 보정 동작"
2026-08-13 10:18:38,SF-02,WARN,S-302,"Zone2 히터 출력 보정 동작"
2026-08-13 17:34:59,PR-02,WARN,P-204,"성형 압력 편차 경고"
2026-08-13 18:56:42,GR-01,INFO,G-310,"숫돌 마모 한계 도달 — 공구 교체 요청"
2026-08-13 22:05:44,GR-02,INFO,G-310,"숫돌 마모 한계 도달 — 공구 교체 요청"
2026-08-14 02:03:48,MX-01,WARN,M-101,"원료 호퍼 레벨 낮음"
2026-08-14 02:05:35,SF-02,WARN,S-301,"TC-3 온도 편차 경고 (±19°C)"
2026-08-14 07:07:58,PR-02,WARN,P-204,"성형 압력 편차 경고"
2026-08-14 08:49:07,IN-01,WARN,I-402,"측정기 교정 주기 도래"
2026-08-14 09:00:55,SF-02,WARN,S-120,"장입 대차 위치 확인"
2026-08-14 09:07:56,MX-02,WARN,M-101,"원료 호퍼 레벨 낮음"
2026-08-14 09:48:05,SF-02,WARN,S-302,"Zone2 히터 출력 보정 동작"
2026-08-14 12:22:43,SF-02,WARN,S-120,"장입 대차 위치 확인"
2026-08-14 15:36:54,MX-01,WARN,M-101,"원료 호퍼 레벨 낮음"
2026-08-14 18:32:49,PR-02,WARN,P-204,"성형 압력 편차 경고"
2026-08-14 19:01:08,GR-01,INFO,G-310,"숫돌 마모 한계 도달 — 공구 교체 요청"
2026-08-14 21:01:25,SF-02,WARN,S-301,"TC-3 온도 편차 경고 (±11°C)"
2026-08-14 23:15:46,SF-02,WARN,S-302,"Zone2 히터 출력 보정 동작"
2026-08-15 00:28:57,MX-01,WARN,M-101,"원료 호퍼 레벨 낮음"
2026-08-15 02:36:33,GR-02,INFO,G-310,"숫돌 마모 한계 도달 — 공구 교체 요청"
2026-08-15 02:47:26,SF-02,WARN,S-302,"Zone2 히터 출력 보정 동작"
2026-08-15 08:03:55,IN-01,WARN,I-402,"측정기 교정 주기 도래"
2026-08-15 08:30:20,GR-02,INFO,G-310,"숫돌 마모 한계 도달 — 공구 교체 요청"
2026-08-15 12:59:13,SF-02,WARN,S-120,"장입 대차 위치 확인"
2026-08-15 13:01:15,PK-02,WARN,K-501,"라벨 프린터 용지 부족"
2026-08-15 14:59:53,PK-01,WARN,K-501,"라벨 프린터 용지 부족"
2026-08-15 15:52:34,SF-02,ALARM,S-305,"소결 프로파일 이탈 — 유지구간 온도 편차 16°C"
2026-08-15 15:59:31,GR-01,INFO,G-310,"숫돌 마모 한계 도달 — 공구 교체 요청"
2026-08-15 17:53:31,SF-01,WARN,S-120,"장입 대차 위치 확인"
2026-08-15 20:03:31,SF-02,WARN,S-301,"TC-3 온도 편차 경고 (±15°C)"
2026-08-15 20:39:09,SF-02,WARN,S-301,"TC-3 온도 편차 경고 (±15°C)"
2026-08-15 20:48:50,SF-02,WARN,S-301,"TC-3 온도 편차 경고 (±14°C)"
2026-08-15 21:01:25,PR-01,WARN,P-204,"성형 압력 편차 경고"
2026-08-15 22:41:55,SF-02,WARN,S-302,"Zone2 히터 출력 보정 동작"
2026-08-15 23:28:48,SF-02,WARN,S-120,"장입 대차 위치 확인"
2026-08-16 09:04:02,GR-01,INFO,G-310,"숫돌 마모 한계 도달 — 공구 교체 요청"
2026-08-16 09:58:12,SF-02,WARN,S-301,"TC-3 온도 편차 경고 (±19°C)"
2026-08-16 10:59:05,SF-02,WARN,S-301,"TC-3 온도 편차 경고 (±15°C)"
2026-08-16 15:27:41,GR-02,INFO,G-310,"숫돌 마모 한계 도달 — 공구 교체 요청"
2026-08-16 17:42:55,IN-02,WARN,I-402,"측정기 교정 주기 도래"
2026-08-16 19:05:08,SF-01,WARN,S-120,"장입 대차 위치 확인"
2026-08-16 21:33:03,MX-02,WARN,M-101,"원료 호퍼 레벨 낮음"
2026-08-17 00:38:49,IN-01,WARN,I-402,"측정기 교정 주기 도래"
2026-08-17 04:41:07,SF-02,ALARM,S-305,"소결 프로파일 이탈 — 유지구간 온도 편차 17°C"
2026-08-17 05:29:47,SF-02,WARN,S-120,"장입 대차 위치 확인"
2026-08-17 08:26:43,SF-02,WARN,S-301,"TC-3 온도 편차 경고 (±16°C)"
2026-08-17 11:55:27,MX-02,WARN,M-101,"원료 호퍼 레벨 낮음"
2026-08-17 13:06:18,MX-02,WARN,M-101,"원료 호퍼 레벨 낮음"
2026-08-17 14:40:39,SF-02,WARN,S-301,"TC-3 온도 편차 경고 (±10°C)"
2026-08-17 16:15:23,GR-02,INFO,G-310,"숫돌 마모 한계 도달 — 공구 교체 요청"
2026-08-17 19:02:56,SF-02,ALARM,S-305,"소결 프로파일 이탈 — 유지구간 온도 편차 14°C"
2026-08-17 19:33:14,PR-02,WARN,P-204,"성형 압력 편차 경고"
2026-08-17 20:27:38,SF-02,ALARM,S-305,"소결 프로파일 이탈 — 유지구간 온도 편차 19°C"
2026-08-17 20:44:04,SF-02,WARN,S-120,"장입 대차 위치 확인"
2026-08-17 21:06:18,PK-02,WARN,K-501,"라벨 프린터 용지 부족"
2026-08-18 02:48:59,SF-02,WARN,S-120,"장입 대차 위치 확인"
2026-08-18 03:18:53,PK-02,WARN,K-501,"라벨 프린터 용지 부족"
2026-08-18 07:56:26,PK-01,WARN,K-501,"라벨 프린터 용지 부족"
2026-08-18 07:59:14,PK-01,WARN,K-501,"라벨 프린터 용지 부족"
2026-08-18 13:44:43,PR-01,WARN,P-204,"성형 압력 편차 경고"
2026-08-18 15:55:05,GR-01,INFO,G-310,"숫돌 마모 한계 도달 — 공구 교체 요청"
2026-08-18 16:23:47,IN-01,WARN,I-402,"측정기 교정 주기 도래"
2026-08-18 17:55:31,SF-02,WARN,S-301,"TC-3 온도 편차 경고 (±18°C)"
2026-08-18 19:13:10,PK-01,WARN,K-501,"라벨 프린터 용지 부족"
2026-08-18 19:25:27,MX-02,WARN,M-101,"원료 호퍼 레벨 낮음"
2026-08-18 19:47:38,GR-02,INFO,G-310,"숫돌 마모 한계 도달 — 공구 교체 요청"
2026-08-18 22:32:50,PK-01,WARN,K-501,"라벨 프린터 용지 부족"
2026-08-19 00:00:04,GR-01,INFO,G-310,"숫돌 마모 한계 도달 — 공구 교체 요청"
2026-08-19 05:36:14,PK-02,WARN,K-501,"라벨 프린터 용지 부족"
2026-08-19 08:43:11,GR-02,INFO,G-310,"숫돌 마모 한계 도달 — 공구 교체 요청"
2026-08-19 10:01:11,GR-01,INFO,G-310,"숫돌 마모 한계 도달 — 공구 교체 요청"
2026-08-19 14:09:30,GR-02,INFO,G-310,"숫돌 마모 한계 도달 — 공구 교체 요청"
2026-08-19 16:25:07,SF-02,WARN,S-120,"장입 대차 위치 확인"
2026-08-19 16:31:48,SF-02,WARN,S-301,"TC-3 온도 편차 경고 (±15°C)"
2026-08-19 18:53:15,SF-02,WARN,S-301,"TC-3 온도 편차 경고 (±17°C)"
2026-08-19 19:46:31,PK-02,WARN,K-501,"라벨 프린터 용지 부족"
2026-08-19 20:17:17,PR-01,WARN,P-204,"성형 압력 편차 경고"
2026-08-19 21:06:25,PK-02,WARN,K-501,"라벨 프린터 용지 부족"
2026-08-20 01:08:48,IN-01,WARN,I-402,"측정기 교정 주기 도래"
2026-08-20 02:02:27,SF-01,WARN,S-120,"장입 대차 위치 확인"
2026-08-20 06:26:26,MX-01,WARN,M-101,"원료 호퍼 레벨 낮음"
2026-08-20 13:38:33,PR-02,WARN,P-204,"성형 압력 편차 경고"
2026-08-20 14:14:51,SF-02,WARN,S-120,"장입 대차 위치 확인"
2026-08-20 16:19:27,SF-01,WARN,S-120,"장입 대차 위치 확인"
2026-08-20 20:47:22,PK-02,WARN,K-501,"라벨 프린터 용지 부족"
2026-08-20 23:14:50,SF-02,WARN,S-120,"장입 대차 위치 확인"
2026-08-20 23:30:58,GR-01,INFO,G-310,"숫돌 마모 한계 도달 — 공구 교체 요청"
2026-08-21 01:28:34,PR-02,WARN,P-204,"성형 압력 편차 경고"
2026-08-21 04:05:22,GR-01,INFO,G-310,"숫돌 마모 한계 도달 — 공구 교체 요청"
2026-08-21 06:48:01,SF-02,WARN,S-302,"Zone2 히터 출력 보정 동작"
2026-08-21 07:52:16,SF-01,WARN,S-120,"장입 대차 위치 확인"
2026-08-21 08:21:24,SF-02,ALARM,S-305,"소결 프로파일 이탈 — 유지구간 온도 편차 11°C"
2026-08-21 08:55:09,PK-02,WARN,K-501,"라벨 프린터 용지 부족"
2026-08-21 11:41:48,SF-01,WARN,S-120,"장입 대차 위치 확인"
2026-08-21 19:10:29,PK-01,WARN,K-501,"라벨 프린터 용지 부족"
2026-08-21 23:10:23,PK-01,WARN,K-501,"라벨 프린터 용지 부족"
2026-08-22 03:40:16,GR-02,INFO,G-310,"숫돌 마모 한계 도달 — 공구 교체 요청"
2026-08-22 04:26:09,SF-02,WARN,S-302,"Zone2 히터 출력 보정 동작"
2026-08-22 11:07:59,IN-02,WARN,I-402,"측정기 교정 주기 도래"
2026-08-22 12:42:58,SF-02,WARN,S-120,"장입 대차 위치 확인"
2026-08-22 13:55:20,SF-02,ALARM,S-305,"소결 프로파일 이탈 — 유지구간 온도 편차 12°C"
2026-08-22 17:31:53,PK-02,WARN,K-501,"라벨 프린터 용지 부족"
2026-08-22 17:53:58,GR-01,INFO,G-310,"숫돌 마모 한계 도달 — 공구 교체 요청"
2026-08-22 21:21:46,MX-01,WARN,M-101,"원료 호퍼 레벨 낮음"
2026-08-22 21:44:40,GR-02,INFO,G-310,"숫돌 마모 한계 도달 — 공구 교체 요청"
2026-08-23 01:32:39,GR-02,INFO,G-310,"숫돌 마모 한계 도달 — 공구 교체 요청"
2026-08-23 01:33:16,SF-02,WARN,S-302,"Zone2 히터 출력 보정 동작"
2026-08-23 07:43:04,SF-02,ALARM,S-305,"소결 프로파일 이탈 — 유지구간 온도 편차 11°C"
2026-08-23 08:28:19,IN-02,WARN,I-402,"측정기 교정 주기 도래"
2026-08-23 09:30:54,SF-02,ALARM,S-305,"소결 프로파일 이탈 — 유지구간 온도 편차 15°C"
2026-08-23 11:05:27,PK-02,WARN,K-501,"라벨 프린터 용지 부족"
2026-08-23 11:13:50,GR-01,INFO,G-310,"숫돌 마모 한계 도달 — 공구 교체 요청"
2026-08-23 12:23:10,IN-02,WARN,I-402,"측정기 교정 주기 도래"
2026-08-23 13:01:50,IN-01,WARN,I-402,"측정기 교정 주기 도래"
2026-08-23 14:33:15,PR-02,WARN,P-204,"성형 압력 편차 경고"
2026-08-23 14:40:51,PR-02,WARN,P-204,"성형 압력 편차 경고"
2026-08-23 14:49:30,PR-01,WARN,P-204,"성형 압력 편차 경고"
2026-08-23 15:30:21,GR-01,INFO,G-310,"숫돌 마모 한계 도달 — 공구 교체 요청"
2026-08-23 15:49:06,GR-02,INFO,G-310,"숫돌 마모 한계 도달 — 공구 교체 요청"
2026-08-23 16:32:30,GR-01,INFO,G-310,"숫돌 마모 한계 도달 — 공구 교체 요청"
2026-08-23 17:45:23,PR-01,WARN,P-204,"성형 압력 편차 경고"
2026-08-23 21:24:23,GR-02,INFO,G-310,"숫돌 마모 한계 도달 — 공구 교체 요청"
2026-08-23 22:12:38,GR-02,INFO,G-310,"숫돌 마모 한계 도달 — 공구 교체 요청"
2026-08-23 22:38:04,IN-02,WARN,I-402,"측정기 교정 주기 도래"
2026-08-24 00:55:35,SF-02,WARN,S-302,"Zone2 히터 출력 보정 동작"
2026-08-24 01:48:48,MX-02,WARN,M-101,"원료 호퍼 레벨 낮음"
2026-08-24 02:57:49,PK-01,WARN,K-501,"라벨 프린터 용지 부족"
2026-08-24 03:13:18,GR-01,INFO,G-310,"숫돌 마모 한계 도달 — 공구 교체 요청"
2026-08-24 03:36:40,MX-02,WARN,M-101,"원료 호퍼 레벨 낮음"
2026-08-24 04:04:30,SF-01,WARN,S-120,"장입 대차 위치 확인"
2026-08-24 04:35:27,GR-02,INFO,G-310,"숫돌 마모 한계 도달 — 공구 교체 요청"
2026-08-24 05:36:54,SF-02,WARN,S-301,"TC-3 온도 편차 경고 (±13°C)"
2026-08-24 11:44:06,PR-01,WARN,P-204,"성형 압력 편차 경고"
2026-08-24 12:01:53,SF-02,WARN,S-301,"TC-3 온도 편차 경고 (±19°C)"
2026-08-24 12:31:47,GR-01,INFO,G-310,"숫돌 마모 한계 도달 — 공구 교체 요청"
2026-08-24 12:35:24,GR-01,INFO,G-310,"숫돌 마모 한계 도달 — 공구 교체 요청"
2026-08-24 13:20:44,SF-02,WARN,S-301,"TC-3 온도 편차 경고 (±17°C)"
2026-08-24 13:21:04,PK-01,WARN,K-501,"라벨 프린터 용지 부족"
2026-08-24 16:15:33,SF-02,WARN,S-120,"장입 대차 위치 확인"
2026-08-24 17:04:58,IN-01,WARN,I-402,"측정기 교정 주기 도래"
2026-08-24 18:01:10,SF-02,ALARM,S-305,"소결 프로파일 이탈 — 유지구간 온도 편차 10°C"
2026-08-24 18:57:38,GR-02,INFO,G-310,"숫돌 마모 한계 도달 — 공구 교체 요청"
2026-08-25 00:11:27,PR-02,WARN,P-204,"성형 압력 편차 경고"
2026-08-25 01:33:55,GR-01,INFO,G-310,"숫돌 마모 한계 도달 — 공구 교체 요청"
2026-08-25 04:49:43,SF-01,WARN,S-120,"장입 대차 위치 확인"
2026-08-25 04:58:18,MX-02,WARN,M-101,"원료 호퍼 레벨 낮음"
2026-08-25 05:22:15,PR-02,WARN,P-204,"성형 압력 편차 경고"
2026-08-25 10:49:53,SF-01,WARN,S-301,"TC-3 온도 편차 경고 (±10°C)"
2026-08-25 13:50:55,MX-01,WARN,M-101,"원료 호퍼 레벨 낮음"
2026-08-25 16:18:11,SF-02,WARN,S-301,"TC-3 온도 편차 경고 (±13°C)"
2026-08-25 17:58:29,GR-02,INFO,G-310,"숫돌 마모 한계 도달 — 공구 교체 요청"
2026-08-25 18:02:29,IN-02,WARN,I-402,"측정기 교정 주기 도래"
2026-08-25 18:19:30,SF-02,WARN,S-301,"TC-3 온도 편차 경고 (±14°C)"
2026-08-25 18:35:21,SF-02,WARN,S-301,"TC-3 온도 편차 경고 (±19°C)"
2026-08-25 21:42:44,SF-02,ALARM,S-305,"소결 프로파일 이탈 — 유지구간 온도 편차 13°C"
2026-08-25 21:49:30,PK-02,WARN,K-501,"라벨 프린터 용지 부족"
2026-08-26 01:47:44,SF-02,ALARM,S-305,"소결 프로파일 이탈 — 유지구간 온도 편차 10°C"
2026-08-26 04:13:53,GR-01,INFO,G-310,"숫돌 마모 한계 도달 — 공구 교체 요청"
2026-08-26 04:28:56,GR-02,INFO,G-310,"숫돌 마모 한계 도달 — 공구 교체 요청"
2026-08-26 05:27:04,SF-02,WARN,S-301,"TC-3 온도 편차 경고 (±18°C)"
2026-08-26 06:11:03,GR-02,INFO,G-310,"숫돌 마모 한계 도달 — 공구 교체 요청"
2026-08-26 06:13:16,PR-02,WARN,P-204,"성형 압력 편차 경고"
2026-08-26 06:26:03,MX-01,WARN,M-101,"원료 호퍼 레벨 낮음"
2026-08-26 06:31:43,MX-01,WARN,M-101,"원료 호퍼 레벨 낮음"
2026-08-26 13:25:27,SF-02,WARN,S-302,"Zone2 히터 출력 보정 동작"
2026-08-26 15:52:04,GR-01,INFO,G-310,"숫돌 마모 한계 도달 — 공구 교체 요청"
2026-08-26 17:23:05,SF-02,WARN,S-301,"TC-3 온도 편차 경고 (±15°C)"
2026-08-26 19:24:23,PK-01,WARN,K-501,"라벨 프린터 용지 부족"
2026-08-26 20:10:46,SF-02,WARN,S-301,"TC-3 온도 편차 경고 (±13°C)"
2026-08-26 22:20:40,PR-01,WARN,P-204,"성형 압력 편차 경고"
2026-08-26 23:00:44,PR-02,WARN,P-204,"성형 압력 편차 경고"
2026-08-27 01:11:58,GR-02,INFO,G-310,"숫돌 마모 한계 도달 — 공구 교체 요청"
2026-08-27 04:39:42,PK-01,WARN,K-501,"라벨 프린터 용지 부족"
2026-08-27 05:32:24,PR-02,WARN,P-204,"성형 압력 편차 경고"
2026-08-27 05:46:35,PR-02,WARN,P-204,"성형 압력 편차 경고"
2026-08-27 06:54:06,GR-01,INFO,G-310,"숫돌 마모 한계 도달 — 공구 교체 요청"
2026-08-27 07:31:27,PK-01,WARN,K-501,"라벨 프린터 용지 부족"
2026-08-27 11:43:32,SF-02,ALARM,S-305,"소결 프로파일 이탈 — 유지구간 온도 편차 16°C"
2026-08-27 17:56:32,GR-02,INFO,G-310,"숫돌 마모 한계 도달 — 공구 교체 요청"
2026-08-28 01:10:16,GR-02,INFO,G-310,"숫돌 마모 한계 도달 — 공구 교체 요청"
2026-08-28 01:29:57,SF-02,WARN,S-120,"장입 대차 위치 확인"
2026-08-28 04:17:23,PK-02,WARN,K-501,"라벨 프린터 용지 부족"
2026-08-28 05:48:10,GR-02,INFO,G-310,"숫돌 마모 한계 도달 — 공구 교체 요청"
2026-08-28 08:12:33,MX-02,WARN,M-101,"원료 호퍼 레벨 낮음"
2026-08-28 08:18:25,SF-02,WARN,S-301,"TC-3 온도 편차 경고 (±13°C)"
2026-08-28 13:07:30,GR-01,INFO,G-310,"숫돌 마모 한계 도달 — 공구 교체 요청"
2026-08-28 19:24:04,IN-02,WARN,I-402,"측정기 교정 주기 도래"
2026-08-28 20:12:07,MX-01,WARN,M-101,"원료 호퍼 레벨 낮음"
2026-08-28 22:13:53,IN-01,WARN,I-402,"측정기 교정 주기 도래"
2026-08-28 23:51:26,SF-02,WARN,S-301,"TC-3 온도 편차 경고 (±16°C)"
2026-08-29 08:05:01,SF-02,WARN,S-120,"장입 대차 위치 확인"
2026-08-29 10:34:32,PR-02,WARN,P-204,"성형 압력 편차 경고"
2026-08-29 10:52:41,MX-02,WARN,M-101,"원료 호퍼 레벨 낮음"
2026-08-29 11:00:40,MX-02,WARN,M-101,"원료 호퍼 레벨 낮음"
2026-08-29 12:01:10,MX-01,WARN,M-101,"원료 호퍼 레벨 낮음"
2026-08-29 14:12:35,MX-01,WARN,M-101,"원료 호퍼 레벨 낮음"
2026-08-29 14:35:10,IN-01,WARN,I-402,"측정기 교정 주기 도래"
2026-08-29 17:19:39,SF-02,ALARM,S-305,"소결 프로파일 이탈 — 유지구간 온도 편차 11°C"
2026-08-29 18:20:24,SF-02,WARN,S-120,"장입 대차 위치 확인"
2026-08-29 18:46:21,MX-01,WARN,M-101,"원료 호퍼 레벨 낮음"
2026-08-29 23:19:49,SF-02,WARN,S-301,"TC-3 온도 편차 경고 (±12°C)"
2026-08-29 23:34:44,MX-01,WARN,M-101,"원료 호퍼 레벨 낮음"
2026-08-30 00:37:44,IN-01,WARN,I-402,"측정기 교정 주기 도래"
2026-08-30 03:53:48,GR-02,INFO,G-310,"숫돌 마모 한계 도달 — 공구 교체 요청"
2026-08-30 04:36:04,GR-02,INFO,G-310,"숫돌 마모 한계 도달 — 공구 교체 요청"
2026-08-30 06:19:15,MX-02,WARN,M-101,"원료 호퍼 레벨 낮음"
2026-08-30 07:49:04,SF-02,WARN,S-120,"장입 대차 위치 확인"
2026-08-30 09:24:00,PR-02,WARN,P-204,"성형 압력 편차 경고"
2026-08-30 09:58:52,SF-02,WARN,S-301,"TC-3 온도 편차 경고 (±15°C)"
2026-08-30 12:56:04,PR-02,WARN,P-204,"성형 압력 편차 경고"
2026-08-30 15:49:36,GR-01,INFO,G-310,"숫돌 마모 한계 도달 — 공구 교체 요청"
2026-08-30 19:40:56,MX-01,WARN,M-101,"원료 호퍼 레벨 낮음"
2026-08-30 19:46:15,SF-02,WARN,S-302,"Zone2 히터 출력 보정 동작"
2026-08-31 08:03:22,SF-02,WARN,S-302,"Zone2 히터 출력 보정 동작"
2026-08-31 08:49:54,SF-02,ALARM,S-305,"소결 프로파일 이탈 — 유지구간 온도 편차 17°C"
2026-08-31 12:08:48,PR-01,WARN,P-204,"성형 압력 편차 경고"
2026-08-31 12:51:41,PR-01,WARN,P-204,"성형 압력 편차 경고"
2026-08-31 15:28:01,MX-01,WARN,M-101,"원료 호퍼 레벨 낮음"
2026-08-31 20:23:40,SF-02,WARN,S-302,"Zone2 히터 출력 보정 동작"
2026-08-31 23:59:16,GR-02,INFO,G-310,"숫돌 마모 한계 도달 — 공구 교체 요청"
